2025-08-26,12050,Kirana Store,Mumbai Suburban
2024-06-27,11550,Handmade Crafts,Delhi Old City
2026-01-02,10198,Kirana Store,Delhi Old City
2025-06-05,2195,Local Tailoring,Delhi Old City
2024-05-04,8326,Handmade Crafts,Chennai Central
2025-01-07,9545,Handmade Crafts,Bangalore South
2025-12-22,1519,Kirana Store,Chennai Central
2024-04-12,6873,Organic Produce,Mumbai Suburban
2025-06-28,8292,Street Food,Mumbai Suburban
2025-02-19,1766,Street Food,Pune Rural
2024-03-15,9125,Kirana Store,Pune Rural
2024-05-03,10820,Street Food,Chennai Central
2024-05-06,3857,Organic Produce,Chennai Central
2024-10-16,6695,Kirana Store,Bangalore South
2024-09-23,5970,Handmade Crafts,Bangalore South
2024-06-15,770,Kirana Store,Bangalore South
2024-09-07,8087,Organic Produce,Bangalore South
2025-05-01,2619,Kirana Store,Bangalore South
2025-09-07,10850,Local Tailoring,Delhi Old City
2024-09-05,4289,Handmade Crafts,Pune Rural
2025-09-26,12240,Street Food,Delhi Old City
2024-11-30,4038,Local Tailoring,Mumbai Suburban
2025-12-18,12032,Local Tailoring,Delhi Old City
2025-08-19,11540,Handmade Crafts,Bangalore South
2024-12-12,12714,Kirana Store,Delhi Old City
2024-12-21,3084,Kirana Store,Chennai Central
2025-01-26,8967,Kirana Store,Pune Rural
2024-09-06,6030,Street Food,Chennai Central
2024-12-25,6989,Handmade Crafts,Chennai Central
2024-08-08,2672,Kirana Store,Bangalore South
2025-07-11,10185,Local Tailoring,Mumbai Suburban
2025-05-31,4622,Local Tailoring,Bangalore South
2025-11-21,6237,Kirana Store,Chennai Central
2025-04-30,4087,Handmade Crafts,Bangalore South
2024-04-25,618,Local Tailoring,Bangalore South
2025-03-17,9148,Street Food,Chennai Central
2024-06-21,4921,Local Tailoring,Mumbai Suburban
2024-04-27,12682,Handmade Crafts,Pune Rural
2024-07-30,7217,Local Tailoring,Mumbai Suburban
2025-07-09,8357,Handmade Crafts,Chennai Central
2025-02-21,4432,Handmade Crafts,Pune Rural
2024-06-20,6855,Local Tailoring,Mumbai Suburban
2025-07-15,1452,Kirana Store,Delhi Old City
2024-12-15,13885,Local Tailoring,Pune Rural
2024-10-02,12422,Street Food,Bangalore South
2024-06-20,9332,Local Tailoring,Chennai Central
2025-02-12,9949,Local Tailoring,Delhi Old City
2024-12-22,9180,Handmade Crafts,Bangalore South
2025-05-25,4907,Street Food,Mumbai Suburban
2025-10-13,6702,Organic Produce,Delhi Old City
2025-10-23,6079,Street Food,Mumbai Suburban
2024-06-01,5208,Kirana Store,Mumbai Suburban
2024-04-29,2414,Organic Produce,Mumbai Suburban
2024-01-26,12643,Kirana Store,Mumbai Suburban
2025-10-18,965,Organic Produce,Pune Rural
2024-12-07,12622,Street Food,Pune Rural
2024-03-27,4139,Local Tailoring,Mumbai Suburban
2025-12-11,947,Handmade Crafts,Delhi Old City
2025-05-22,14292,Kirana Store,Chennai Central
2025-06-23,13001,Handmade Crafts,Bangalore South
2025-12-24,7486,Street Food,Delhi Old City
2025-06-14,11394,Handmade Crafts,Mumbai Suburban
2025-03-21,12449,Local Tailoring,Delhi Old City
2025-02-09,5394,Organic Produce,Delhi Old City
2024-09-21,1297,Local Tailoring,Chennai Central
2025-12-21,12103,Street Food,Mumbai Suburban
2025-12-28,3342,Local Tailoring,Delhi Old City
2025-10-11,3475,Street Food,Chennai Central
2025-09-14,1524,Organic Produce,Bangalore South
2025-06-23,2954,Street Food,Pune Rural
2024-04-27,9429,Street Food,Pune Rural
2024-01-12,12031,Street Food,Delhi Old City
2025-06-26,11312,Kirana Store,Mumbai Suburban
2024-11-11,11326,Handmade Crafts,Bangalore South
2025-06-11,6006,Local Tailoring,Pune Rural
2025-12-22,9509,Handmade Crafts,Pune Rural
2024-11-21,2293,Organic Produce,Chennai Central
2025-08-10,1284,Local Tailoring,Chennai Central
2024-03-17,2678,Local Tailoring,Pune Rural
2024-07-24,761,Street Food,Chennai Central
2024-12-23,3073,Handmade Crafts,Mumbai Suburban
2025-06-10,10495,Street Food,Mumbai Suburban
2024-06-10,11195,Street Food,Pune Rural
2024-06-02,2668,Local Tailoring,Bangalore South
2024-12-04,6203,Handmade Crafts,Pune Rural
2025-03-01,12075,Local Tailoring,Bangalore South
2024-07-28,9185,Kirana Store,Pune Rural
2024-11-09,12071,Organic Produce,Delhi Old City
2024-12-09,1271,Street Food,Chennai Central
2024-09-05,3025,Organic Produce,Bangalore South
2025-12-21,14327,Kirana Store,Bangalore South
2025-03-20,13111,Local Tailoring,Chennai Central
2025-12-27,2826,Local Tailoring,Chennai Central
2024-08-04,8623,Local Tailoring,Bangalore South
2024-01-23,8203,Street Food,Delhi Old City
2024-07-13,5948,Street Food,Pune Rural
2024-08-23,14194,Street Food,Chennai Central
2025-04-05,1615,Handmade Crafts,Delhi Old City
2025-08-01,544,Street Food,Delhi Old City
2024-05-12,3633,Street Food,Mumbai Suburban
2025-02-21,10934,Kirana Store,Bangalore South
2024-06-26,4318,Handmade Crafts,Delhi Old City
2025-10-25,8170,Local Tailoring,Chennai Central
2025-10-03,1769,Local Tailoring,Mumbai Suburban
2025-10-01,9179,Local Tailoring,Chennai Central
2025-03-15,9941,Organic Produce,Mumbai Suburban
2025-05-22,12700,Local Tailoring,Chennai Central
2024-06-02,5158,Local Tailoring,Delhi Old City
2025-11-19,13907,Handmade Crafts,Mumbai Suburban
2025-10-23,1918,Organic Produce,Chennai Central
2025-03-10,546,Kirana Store,Mumbai Suburban
2024-07-01,7928,Kirana Store,Bangalore South
2024-10-15,8268,Local Tailoring,Chennai Central
2025-05-28,14190,Street Food,Bangalore South
2024-10-22,5627,Kirana Store,Bangalore South
2025-02-01,3275,Kirana Store,Mumbai Suburban
2024-02-09,4609,Kirana Store,Chennai Central
2025-04-11,4319,Kirana Store,Chennai Central
2025-08-13,12718,Street Food,Pune Rural
2024-08-19,9711,Handmade Crafts,Mumbai Suburban
2025-01-19,2768,Local Tailoring,Mumbai Suburban
2025-03-28,5271,Kirana Store,Bangalore South
2025-03-23,4840,Handmade Crafts,Mumbai Suburban
2025-08-30,2190,Local Tailoring,Bangalore South
2025-12-17,9451,Local Tailoring,Pune Rural
2025-10-09,6058,Street Food,Bangalore South
2025-11-19,12598,Street Food,Mumbai Suburban
2025-01-30,8538,Local Tailoring,Mumbai Suburban
2025-06-18,7189,Organic Produce,Chennai Central
2024-08-26,12957,Organic Produce,Mumbai Suburban
2024-01-15,5330,Kirana Store,Bangalore South
2025-03-19,14577,Kirana Store,Mumbai Suburban
2024-09-11,9211,Local Tailoring,Mumbai Suburban
2024-07-29,6714,Kirana Store,Chennai Central
2025-05-01,4812,Organic Produce,Chennai Central
2024-04-04,12294,Street Food,Delhi Old City
2025-03-30,2518,Kirana Store,Delhi Old City
2025-04-24,7502,Kirana Store,Mumbai Suburban
2024-05-01,14131,Handmade Crafts,Pune Rural
2024-12-18,1463,Street Food,Pune Rural
2024-01-19,13769,Kirana Store,Pune Rural
2024-10-11,13159,Street Food,Delhi Old City
2024-04-18,14373,Local Tailoring,Bangalore South
2024-02-11,1138,Street Food,Delhi Old City
2025-11-16,3124,Street Food,Delhi Old City
2024-08-12,13288,Handmade Crafts,Pune Rural
2025-09-21,14179,Local Tailoring,Chennai Central
2024-08-11,1660,Street Food,Bangalore South
2024-11-19,4845,Kirana Store,Mumbai Suburban
2024-01-26,5131,Kirana Store,Bangalore South
2024-06-10,5158,Handmade Crafts,Chennai Central
2025-01-31,2200,Kirana Store,Delhi Old City
2024-12-22,11092,Local Tailoring,Mumbai Suburban
2024-01-20,3764,Local Tailoring,Chennai Central
2025-04-26,10708,Handmade Crafts,Delhi Old City
2025-01-19,10094,Kirana Store,Chennai Central
2024-11-08,12788,Street Food,Delhi Old City
2025-09-15,3394,Organic Produce,Bangalore South
2025-10-15,14458,Local Tailoring,Pune Rural
2025-01-04,5883,Handmade Crafts,Delhi Old City
2024-08-24,8564,Organic Produce,Bangalore South
2024-12-16,4621,Street Food,Mumbai Suburban
2025-11-09,11658,Organic Produce,Pune Rural
2025-04-09,5984,Local Tailoring,Chennai Central
2025-09-20,3595,Organic Produce,Pune Rural
2024-07-11,13696,Kirana Store,Delhi Old City
2024-05-25,3116,Handmade Crafts,Pune Rural
2024-01-28,739,Kirana Store,Pune Rural
2024-07-17,4119,Handmade Crafts,Bangalore South
2024-12-10,13418,Street Food,Chennai Central
2025-10-20,3851,Street Food,Mumbai Suburban
2025-05-21,9899,Organic Produce,Bangalore South
2024-07-19,8253,Kirana Store,Bangalore South
2024-09-19,14870,Local Tailoring,Mumbai Suburban
2025-03-13,10930,Street Food,Mumbai Suburban
2026-01-06,13450,Organic Produce,Chennai Central
2024-03-21,9841,Organic Produce,Chennai Central
2025-09-05,13155,Street Food,Mumbai Suburban
2024-07-31,3925,Street Food,Delhi Old City
2024-05-07,7897,Handmade Crafts,Chennai Central
2025-11-10,14182,Kirana Store,Bangalore South
2024-11-04,10083,Local Tailoring,Pune Rural
2024-05-21,13594,Local Tailoring,Chennai Central
2025-12-01,14845,Local Tailoring,Bangalore South
2024-03-25,5124,Street Food,Chennai Central
2024-03-11,14404,Street Food,Pune Rural
2025-06-12,4773,Kirana Store,Delhi Old City
2024-07-17,7323,Local Tailoring,Bangalore South
2025-04-29,10290,Handmade Crafts,Delhi Old City
2024-05-05,13383,Organic Produce,Mumbai Suburban
2024-05-16,11649,Local Tailoring,Delhi Old City
2024-09-10,3249,Street Food,Delhi Old City
2025-03-23,13382,Kirana Store,Pune Rural
2025-02-02,6997,Handmade Crafts,Mumbai Suburban
2025-01-12,7750,Local Tailoring,Mumbai Suburban
2025-05-26,1476,Local Tailoring,Delhi Old City
2024-06-21,10014,Organic Produce,Mumbai Suburban
2024-02-21,11432,Organic Produce,Chennai Central
2025-11-04,5502,Street Food,Mumbai Suburban
2024-04-20,2093,Local Tailoring,Delhi Old City
2025-01-25,4328,Organic Produce,Pune Rural
2025-12-15,4948,Local Tailoring,Chennai Central
2025-10-05,5332,Street Food,Pune Rural
2025-08-07,9526,Kirana Store,Chennai Central
2025-01-21,6448,Kirana Store,Bangalore South
2024-04-04,3955,Local Tailoring,Bangalore South
2024-06-22,3384,Kirana Store,Bangalore South
2025-11-24,8938,Organic Produce,Bangalore South
2024-01-27,12758,Local Tailoring,Bangalore South
2024-04-18,12668,Kirana Store,Bangalore South
2024-07-23,4080,Kirana Store,Chennai Central
2025-08-18,12456,Handmade Crafts,Bangalore South
2024-10-30,2203,Local Tailoring,Delhi Old City
2024-07-25,9269,Street Food,Bangalore South
2024-07-02,12873,Kirana Store,Delhi Old City
2024-04-25,10844,Local Tailoring,Bangalore South
2024-10-07,2656,Organic Produce,Mumbai Suburban
2024-03-09,643,Local Tailoring,Pune Rural
2025-04-30,2451,Street Food,Delhi Old City
2025-12-09,11932,Kirana Store,Pune Rural
2024-09-22,6443,Organic Produce,Mumbai Suburban
2024-09-18,14855,Organic Produce,Pune Rural
2024-04-26,6353,Street Food,Pune Rural
2024-05-24,12907,Street Food,Pune Rural
2025-04-27,1788,Organic Produce,Delhi Old City
2025-09-20,11136,Handmade Crafts,Delhi Old City
2024-04-16,5948,Street Food,Pune Rural
2025-01-07,6447,Organic Produce,Chennai Central
2024-02-26,821,Handmade Crafts,Bangalore South
2024-11-16,5212,Organic Produce,Pune Rural
2024-05-03,3945,Kirana Store,Chennai Central
2025-02-04,2985,Street Food,Bangalore South
2024-01-16,11864,Local Tailoring,Delhi Old City
2024-04-14,1752,Local Tailoring,Pune Rural
2024-11-26,11427,Street Food,Mumbai Suburban
2024-09-11,3689,Handmade Crafts,Mumbai Suburban
2025-10-03,13496,Local Tailoring,Chennai Central
2024-08-06,11599,Local Tailoring,Bangalore South
2024-02-15,14366,Local Tailoring,Chennai Central
2024-09-27,7178,Handmade Crafts,Pune Rural
2025-12-20,14716,Organic Produce,Delhi Old City
2025-02-06,8613,Handmade Crafts,Chennai Central
2025-08-25,9438,Local Tailoring,Bangalore South
2024-07-01,14569,Kirana Store,Pune Rural
2024-03-11,6640,Kirana Store,Mumbai Suburban
2025-03-22,3295,Local Tailoring,Bangalore South
2025-12-07,1038,Kirana Store,Pune Rural
2025-12-23,1548,Organic Produce,Mumbai Suburban
2025-01-08,9377,Street Food,Pune Rural
2024-06-13,12788,Kirana Store,Delhi Old City
2025-12-22,9023,Handmade Crafts,Mumbai Suburban
2024-04-27,6169,Street Food,Pune Rural
2024-07-04,14179,Organic Produce,Mumbai Suburban
2024-12-02,6577,Kirana Store,Pune Rural
2024-12-11,6569,Local Tailoring,Bangalore South
2026-01-04,7161,Kirana Store,Delhi Old City
2024-07-09,9176,Handmade Crafts,Chennai Central
2025-04-04,4750,Kirana Store,Delhi Old City
2024-07-28,6602,Organic Produce,Chennai Central
2025-02-06,6245,Kirana Store,Delhi Old City
2024-03-20,13713,Kirana Store,Mumbai Suburban
2024-04-28,14312,Kirana Store,Mumbai Suburban
2024-11-07,6781,Organic Produce,Bangalore South
2025-01-27,4350,Kirana Store,Bangalore South
2024-05-02,6062,Organic Produce,Bangalore South
2024-10-13,9597,Handmade Crafts,Bangalore South
2025-03-16,14458,Local Tailoring,Delhi Old City
2024-12-03,11327,Street Food,Pune Rural
2025-12-26,5660,Handmade Crafts,Bangalore South
2024-11-20,11392,Local Tailoring,Bangalore South
2025-09-11,14972,Handmade Crafts,Chennai Central
2024-07-04,1910,Organic Produce,Bangalore South
2024-05-14,2125,Local Tailoring,Delhi Old City
2025-10-26,5770,Kirana Store,Pune Rural
2025-08-22,12091,Kirana Store,Chennai Central
2025-10-15,6653,Kirana Store,Mumbai Suburban
2024-11-06,2270,Local Tailoring,Pune Rural
2024-01-20,3699,Street Food,Delhi Old City
2024-08-14,3163,Street Food,Mumbai Suburban
2025-12-02,7059,Kirana Store,Pune Rural
2025-08-28,2725,Organic Produce,Chennai Central
2024-10-11,14560,Handmade Crafts,Mumbai Suburban
2025-02-20,6482,Street Food,Delhi Old City
2025-08-12,9067,Handmade Crafts,Chennai Central
2025-07-23,8745,Kirana Store,Chennai Central
2024-12-09,10702,Local Tailoring,Chennai Central
2024-12-18,14884,Organic Produce,Pune Rural
2025-05-23,12693,Handmade Crafts,Delhi Old City
2025-12-21,10428,Organic Produce,Delhi Old City
2024-12-04,2308,Organic Produce,Bangalore South
2024-03-22,4899,Local Tailoring,Mumbai Suburban
2024-06-08,14587,Organic Produce,Bangalore South
2025-03-30,6978,Handmade Crafts,Bangalore South
2024-07-18,1462,Local Tailoring,Delhi Old City
2024-06-19,2168,Organic Produce,Pune Rural
2024-02-15,5688,Handmade Crafts,Pune Rural
2025-05-07,2849,Kirana Store,Chennai Central
2024-09-19,6857,Local Tailoring,Mumbai Suburban
2025-08-13,7474,Local Tailoring,Delhi Old City
2024-07-31,13692,Street Food,Delhi Old City
2024-08-07,4725,Local Tailoring,Pune Rural
2024-07-25,6677,Handmade Crafts,Bangalore South
2024-04-06,2714,Handmade Crafts,Delhi Old City
2024-07-17,10197,Local Tailoring,Pune Rural
2024-08-23,12603,Local Tailoring,Pune Rural
2024-07-03,7670,Street Food,Mumbai Suburban
2025-08-29,2786,Street Food,Chennai Central
2024-06-05,7109,Street Food,Chennai Central
2024-11-07,5089,Organic Produce,Mumbai Suburban
2025-10-13,13780,Organic Produce,Bangalore South
2025-12-27,8925,Organic Produce,Chennai Central
2025-09-09,2058,Street Food,Chennai Central
2024-09-25,8612,Local Tailoring,Chennai Central
2024-01-24,14273,Organic Produce,Mumbai Suburban
2024-11-30,9953,Local Tailoring,Mumbai Suburban
2025-10-31,10736,Street Food,Pune Rural
2024-01-12,13537,Handmade Crafts,Delhi Old City
2024-12-24,2044,Handmade Crafts,Delhi Old City
2025-03-16,11343,Kirana Store,Pune Rural
2025-04-17,10808,Local Tailoring,Chennai Central
2025-10-15,2110,Organic Produce,Chennai Central
2025-07-22,10589,Handmade Crafts,Bangalore South
2025-08-08,10218,Handmade Crafts,Mumbai Suburban
2024-11-06,758,Local Tailoring,Bangalore South
2024-08-27,6388,Organic Produce,Pune Rural
2025-09-18,6945,Handmade Crafts,Bangalore South
2024-07-03,11089,Handmade Crafts,Pune Rural
2025-05-20,10148,Local Tailoring,Delhi Old City
2024-10-09,3020,Organic Produce,Pune Rural
2024-03-11,4224,Organic Produce,Mumbai Suburban
2024-12-23,9063,Kirana Store,Chennai Central
2025-10-10,7112,Handmade Crafts,Bangalore South
2024-10-08,1712,Handmade Crafts,Mumbai Suburban
2025-08-28,4808,Local Tailoring,Bangalore South
2025-09-22,3790,Street Food,Chennai Central
2024-05-18,7466,Street Food,Delhi Old City
2025-07-09,14260,Street Food,Delhi Old City
2025-04-24,8305,Organic Produce,Pune Rural
2024-05-26,2997,Local Tailoring,Bangalore South
2024-07-03,2265,Street Food,Chennai Central
2024-09-07,1096,Kirana Store,Mumbai Suburban
2024-10-24,13842,Handmade Crafts,Bangalore South
2024-03-09,8244,Organic Produce,Chennai Central
2024-01-22,10046,Kirana Store,Chennai Central
2024-02-26,4401,Street Food,Bangalore South
2024-05-13,11784,Handmade Crafts,Chennai Central
2025-07-28,14417,Local Tailoring,Chennai Central
2026-01-01,10896,Street Food,Delhi Old City
2024-02-18,14831,Handmade Crafts,Pune Rural
2024-10-26,2505,Local Tailoring,Chennai Central
2024-11-07,7141,Organic Produce,Pune Rural
2025-05-26,4792,Local Tailoring,Mumbai Suburban
2024-07-29,3345,Kirana Store,Mumbai Suburban
2025-12-09,981,Handmade Crafts,Chennai Central
2024-10-31,11721,Street Food,Mumbai Suburban
2024-09-30,12810,Kirana Store,Chennai Central
2025-10-30,2420,Handmade Crafts,Bangalore South
2024-06-04,1208,Street Food,Delhi Old City
2024-02-04,5340,Kirana Store,Mumbai Suburban
2025-07-19,8924,Handmade Crafts,Bangalore South
2025-01-15,1219,Organic Produce,Delhi Old City
2024-12-01,4635,Organic Produce,Chennai Central
2025-11-23,5791,Kirana Store,Bangalore South
2025-01-06,5586,Organic Produce,Delhi Old City
2024-12-29,7226,Street Food,Delhi Old City
2024-09-02,5679,Handmade Crafts,Bangalore South
2024-10-31,5409,Street Food,Delhi Old City
2025-04-05,8540,Local Tailoring,Bangalore South
2024-08-19,11505,Handmade Crafts,Bangalore South
2024-08-14,2958,Organic Produce,Bangalore South
2025-11-10,8146,Organic Produce,Mumbai Suburban
2025-04-14,4211,Street Food,Pune Rural
2024-02-14,7381,Kirana Store,Delhi Old City
2024-06-01,2415,Local Tailoring,Delhi Old City
2024-04-13,12995,Handmade Crafts,Bangalore South
2024-01-23,6126,Local Tailoring,Bangalore South
2025-10-21,8080,Street Food,Pune Rural
2025-01-08,9855,Organic Produce,Chennai Central
2024-01-26,777,Kirana Store,Delhi Old City
2025-01-25,1431,Kirana Store,Bangalore South
2025-04-10,7969,Street Food,Bangalore South
2025-01-07,14853,Handmade Crafts,Pune Rural
2025-10-04,9860,Local Tailoring,Mumbai Suburban
2024-02-27,3303,Local Tailoring,Bangalore South
2025-03-11,12076,Street Food,Mumbai Suburban
2025-05-17,14683,Kirana Store,Delhi Old City
2025-09-09,4776,Handmade Crafts,Bangalore South
2024-09-09,5297,Handmade Crafts,Mumbai Suburban
2025-10-31,9550,Organic Produce,Pune Rural
2024-02-18,7748,Handmade Crafts,Bangalore South
2025-08-24,12814,Street Food,Chennai Central
2024-06-30,8279,Local Tailoring,Chennai Central
2024-12-20,5386,Street Food,Bangalore South
2024-09-19,861,Organic Produce,Chennai Central
2024-03-26,2870,Handmade Crafts,Bangalore South
2024-01-29,8229,Handmade Crafts,Mumbai Suburban
2024-09-20,5670,Handmade Crafts,Chennai Central
2025-06-27,3137,Organic Produce,Pune Rural
2025-01-30,2525,Local Tailoring,Pune Rural
2025-11-10,8437,Handmade Crafts,Delhi Old City
2025-08-02,11319,Organic Produce,Mumbai Suburban
2024-09-08,6051,Street Food,Delhi Old City
2025-01-30,8297,Street Food,Bangalore South
2024-10-24,14548,Kirana Store,Pune Rural
2025-04-03,14853,Local Tailoring,Pune Rural
2024-02-18,3064,Street Food,Pune Rural
2024-09-24,10780,Street Food,Mumbai Suburban
2024-02-15,8182,Handmade Crafts,Chennai Central
2025-01-18,6791,Organic Produce,Bangalore South
2024-04-12,12719,Local Tailoring,Bangalore South
2025-05-21,7128,Kirana Store,Chennai Central
2025-11-22,2920,Kirana Store,Pune Rural
2024-04-22,10624,Street Food,Mumbai Suburban
2024-09-14,12037,Street Food,Delhi Old City
2024-09-29,13673,Street Food,Chennai Central
2024-04-26,5354,Handmade Crafts,Bangalore South
2024-12-11,13464,Local Tailoring,Mumbai Suburban
2025-10-13,12820,Street Food,Mumbai Suburban
2025-07-02,13167,Organic Produce,Bangalore South
2025-06-29,1531,Local Tailoring,Mumbai Suburban
2025-05-15,7404,Local Tailoring,Delhi Old City
2025-06-10,1411,Kirana Store,Bangalore South
2024-04-11,11334,Kirana Store,Bangalore South
2025-12-07,12906,Street Food,Chennai Central
2025-05-16,8009,Organic Produce,Delhi Old City
2024-03-24,14348,Kirana Store,Delhi Old City
2025-02-06,10340,Handmade Crafts,Bangalore South
2024-11-22,8538,Street Food,Bangalore South
2024-04-22,8240,Kirana Store,Chennai Central
2025-01-20,2729,Organic Produce,Mumbai Suburban
2025-08-12,7193,Organic Produce,Bangalore South
2025-06-24,10251,Organic Produce,Bangalore South
2025-05-13,13661,Handmade Crafts,Pune Rural
2025-01-04,4692,Kirana Store,Bangalore South
2025-06-07,5998,Organic Produce,Mumbai Suburban
2024-10-13,1059,Organic Produce,Chennai Central
2024-07-29,13471,Street Food,Pune Rural
2025-10-30,1176,Kirana Store,Chennai Central
2025-02-27,3155,Kirana Store,Delhi Old City
2025-12-06,6307,Street Food,Bangalore South
2025-02-24,12801,Organic Produce,Delhi Old City
2025-07-05,13375,Street Food,Mumbai Suburban
2024-05-29,10790,Street Food,Bangalore South
2024-09-13,11860,Street Food,Mumbai Suburban
2025-11-10,12876,Organic Produce,Bangalore South
2024-06-28,11917,Organic Produce,Pune Rural
2024-10-16,5670,Local Tailoring,Chennai Central
2025-07-18,6796,Organic Produce,Chennai Central
2025-06-22,13352,Street Food,Chennai Central
2024-04-28,9814,Organic Produce,Pune Rural
2024-08-15,3437,Organic Produce,Delhi Old City
2024-02-17,11868,Organic Produce,Pune Rural
2025-10-24,2342,Handmade Crafts,Bangalore South
2024-09-09,3897,Handmade Crafts,Bangalore South
2025-11-14,2198,Local Tailoring,Chennai Central
2024-12-06,14046,Organic Produce,Mumbai Suburban
2024-12-31,13658,Kirana Store,Delhi Old City
2024-08-22,4190,Street Food,Bangalore South
2024-02-22,7949,Street Food,Delhi Old City
2024-11-29,1556,Street Food,Pune Rural
2024-12-23,1386,Local Tailoring,Bangalore South
2024-01-19,7741,Local Tailoring,Bangalore South
2025-04-30,2749,Street Food,Delhi Old City
2025-03-06,6396,Local Tailoring,Pune Rural
2025-04-26,2099,Kirana Store,Delhi Old City
2025-12-10,848,Organic Produce,Pune Rural
2025-01-03,1153,Organic Produce,Bangalore South
2025-11-05,10063,Kirana Store,Delhi Old City
2025-09-12,6345,Handmade Crafts,Delhi Old City
2025-11-04,634,Handmade Crafts,Pune Rural
2025-10-15,3369,Handmade Crafts,Bangalore South
2024-06-27,3809,Local Tailoring,Delhi Old City
2025-06-26,7526,Street Food,Bangalore South
2025-08-12,3721,Street Food,Mumbai Suburban
2025-08-29,8395,Organic Produce,Chennai Central
2024-09-02,9841,Local Tailoring,Delhi Old City
2025-07-16,14258,Kirana Store,Pune Rural
2025-12-11,5303,Organic Produce,Bangalore South
2025-06-02,8979,Local Tailoring,Chennai Central
2025-01-04,11926,Organic Produce,Mumbai Suburban
2025-08-15,12853,Handmade Crafts,Chennai Central
2024-11-02,1052,Organic Produce,Pune Rural
2024-12-17,14894,Organic Produce,Mumbai Suburban
2024-12-14,9885,Organic Produce,Pune Rural
2024-10-29,11219,Handmade Crafts,Pune Rural
2025-12-18,4163,Street Food,Pune Rural
2024-10-13,2703,Local Tailoring,Delhi Old City
2024-08-05,13745,Organic Produce,Bangalore South
2025-11-27,5240,Street Food,Delhi Old City
2024-11-14,11638,Kirana Store,Chennai Central
2024-06-28,10919,Handmade Crafts,Mumbai Suburban
2024-09-12,8432,Street Food,Pune Rural
2024-12-26,1714,Kirana Store,Delhi Old City
2024-03-19,9548,Handmade Crafts,Chennai Central
2024-11-22,1833,Organic Produce,Mumbai Suburban
2024-01-31,1384,Local Tailoring,Delhi Old City
2024-02-07,12572,Kirana Store,Chennai Central
2024-05-17,3985,Organic Produce,Mumbai Suburban
2025-10-04,7910,Local Tailoring,Bangalore South
2024-03-02,7793,Organic Produce,Delhi Old City
2025-08-14,14907,Handmade Crafts,Delhi Old City
2024-03-18,5699,Organic Produce,Pune Rural
2024-05-09,9628,Local Tailoring,Pune Rural
2024-09-22,851,Kirana Store,Bangalore South
2024-09-01,3970,Street Food,Chennai Central
2024-03-10,2323,Organic Produce,Delhi Old City
2025-09-15,2246,Local Tailoring,Delhi Old City
2024-12-02,7411,Local Tailoring,Bangalore South
2024-05-11,1767,Kirana Store,Chennai Central
2024-04-17,8623,Street Food,Delhi Old City
2025-09-14,11599,Street Food,Delhi Old City
2026-01-04,2638,Organic Produce,Mumbai Suburban
2025-12-11,9287,Local Tailoring,Mumbai Suburban
2025-11-29,1591,Kirana Store,Bangalore South
2024-01-29,3762,Street Food,Pune Rural
2024-04-06,13993,Organic Produce,Delhi Old City
2025-11-09,7397,Local Tailoring,Delhi Old City
2025-07-13,5133,Local Tailoring,Pune Rural
2025-02-27,10162,Handmade Crafts,Delhi Old City
2024-11-12,1392,Handmade Crafts,Pune Rural
2024-05-17,7567,Organic Produce,Chennai Central
2025-08-26,12451,Handmade Crafts,Delhi Old City
2024-01-16,2995,Street Food,Chennai Central
2024-03-01,10519,Handmade Crafts,Mumbai Suburban
2025-08-02,4602,Local Tailoring,Delhi Old City
2025-05-15,4126,Local Tailoring,Bangalore South
2025-12-15,7987,Handmade Crafts,Pune Rural
2025-01-28,5189,Handmade Crafts,Delhi Old City
2025-08-04,5174,Street Food,Delhi Old City
2025-08-12,6120,Street Food,Mumbai Suburban
2024-10-24,5306,Street Food,Delhi Old City
2024-10-05,7508,Street Food,Delhi Old City
2024-06-24,4567,Local Tailoring,Bangalore South
2025-09-24,4581,Organic Produce,Chennai Central
2024-04-20,6549,Street Food,Chennai Central
2024-09-04,12989,Street Food,Chennai Central
2025-09-22,2012,Kirana Store,Mumbai Suburban
2025-12-15,12690,Street Food,Mumbai Suburban
2025-02-23,9302,Handmade Crafts,Delhi Old City
2026-01-07,11755,Street Food,Delhi Old City
2025-12-23,3687,Handmade Crafts,Mumbai Suburban
2025-09-28,8754,Organic Produce,Chennai Central
2024-09-06,11394,Handmade Crafts,Pune Rural
2025-12-15,10398,Kirana Store,Delhi Old City
2025-07-16,4554,Handmade Crafts,Pune Rural
2024-05-03,9904,Street Food,Chennai Central
2024-01-24,6561,Local Tailoring,Delhi Old City
2025-03-24,10847,Kirana Store,Pune Rural
2025-02-12,9567,Handmade Crafts,Delhi Old City
2025-01-07,12692,Street Food,Chennai Central
2024-09-13,6198,Handmade Crafts,Delhi Old City
2025-08-03,10861,Street Food,Mumbai Suburban
2024-09-09,8141,Kirana Store,Pune Rural
2024-03-07,13175,Street Food,Bangalore South
2024-09-05,1792,Street Food,Bangalore South
2024-01-30,3816,Street Food,Mumbai Suburban
2025-07-10,4318,Local Tailoring,Bangalore South
2024-06-14,13162,Kirana Store,Delhi Old City
2024-03-24,13770,Kirana Store,Chennai Central
2024-09-08,2124,Handmade Crafts,Delhi Old City
2025-06-19,4820,Organic Produce,Delhi Old City
2024-12-15,11671,Organic Produce,Chennai Central
2025-02-17,12051,Handmade Crafts,Mumbai Suburban
2024-05-17,10160,Organic Produce,Chennai Central
2024-02-20,13351,Organic Produce,Pune Rural
2024-03-23,2117,Organic Produce,Bangalore South
2025-03-15,3775,Street Food,Chennai Central
2024-05-23,4203,Handmade Crafts,Bangalore South
2025-07-07,905,Local Tailoring,Chennai Central
2025-04-30,13282,Street Food,Chennai Central
2025-08-31,2351,Street Food,Mumbai Suburban
2024-04-18,3550,Handmade Crafts,Chennai Central
2024-12-14,6348,Kirana Store,Mumbai Suburban
2024-06-10,11221,Street Food,Bangalore South
2025-01-18,8817,Street Food,Mumbai Suburban
2025-02-07,558,Kirana Store,Bangalore South
2024-02-06,4642,Handmade Crafts,Bangalore South
2025-10-02,6194,Local Tailoring,Pune Rural
2024-07-01,12037,Kirana Store,Chennai Central
2024-09-17,8941,Handmade Crafts,Bangalore South
2024-07-26,2380,Local Tailoring,Mumbai Suburban
2024-04-18,13748,Street Food,Mumbai Suburban
2024-12-27,14533,Kirana Store,Delhi Old City
2024-11-21,2239,Organic Produce,Delhi Old City
2025-06-05,7345,Local Tailoring,Delhi Old City
2025-11-16,6973,Organic Produce,Chennai Central
2024-02-14,8751,Organic Produce,Bangalore South
2024-08-29,12391,Handmade Crafts,Mumbai Suburban
2025-04-23,6903,Street Food,Chennai Central
2024-02-21,4944,Handmade Crafts,Chennai Central
2024-12-11,10826,Kirana Store,Delhi Old City
2025-08-19,3395,Local Tailoring,Bangalore South
2024-04-20,10893,Street Food,Bangalore South
2026-01-09,4494,Kirana Store,Bangalore South
2025-04-06,12718,Kirana Store,Mumbai Suburban
2024-01-15,12338,Street Food,Delhi Old City
2024-05-17,2529,Local Tailoring,Bangalore South
2025-08-22,5770,Organic Produce,Delhi Old City
2024-12-31,5210,Local Tailoring,Bangalore South
2024-01-10,2242,Local Tailoring,Bangalore South
2025-02-19,3313,Local Tailoring,Bangalore South
2025-08-04,8773,Organic Produce,Pune Rural
2024-09-22,9651,Street Food,Bangalore South
2024-11-29,6437,Organic Produce,Pune Rural
2025-01-14,12748,Handmade Crafts,Delhi Old City
2025-07-14,11102,Kirana Store,Pune Rural
2025-10-11,2580,Street Food,Bangalore South
2025-10-13,10843,Organic Produce,Bangalore South
2024-04-13,7204,Organic Produce,Mumbai Suburban
2024-08-18,3290,Organic Produce,Chennai Central
2024-10-04,9279,Street Food,Chennai Central
2024-07-04,676,Kirana Store,Chennai Central
2025-10-05,1710,Handmade Crafts,Mumbai Suburban
2025-06-08,10691,Handmade Crafts,Chennai Central
2025-02-04,988,Handmade Crafts,Delhi Old City
2025-05-31,6125,Handmade Crafts,Bangalore South
2025-06-03,712,Handmade Crafts,Pune Rural
2025-01-20,14649,Handmade Crafts,Bangalore South
2024-04-20,3467,Local Tailoring,Mumbai Suburban
2025-12-11,14189,Kirana Store,Pune Rural
2025-04-28,12843,Kirana Store,Chennai Central
2025-05-21,1038,Local Tailoring,Chennai Central
2024-08-09,6643,Handmade Crafts,Delhi Old City
2025-06-28,3507,Organic Produce,Pune Rural
2024-03-30,851,Organic Produce,Pune Rural
2024-03-07,11907,Street Food,Bangalore South
2025-01-16,13530,Street Food,Pune Rural
2024-07-27,11920,Organic Produce,Delhi Old City
2025-03-20,3615,Local Tailoring,Delhi Old City
2024-11-17,8396,Organic Produce,Mumbai Suburban
2024-09-23,4985,Organic Produce,Pune Rural
2025-08-08,4256,Local Tailoring,Bangalore South
2025-04-21,5703,Street Food,Delhi Old City
2025-02-11,6582,Local Tailoring,Chennai Central
2024-05-19,11618,Kirana Store,Chennai Central
2024-02-15,12305,Organic Produce,Delhi Old City
2024-07-25,9679,Kirana Store,Chennai Central
2025-06-28,3637,Handmade Crafts,Pune Rural
2025-09-16,4827,Organic Produce,Bangalore South
2024-02-23,6588,Local Tailoring,Delhi Old City
2025-12-31,3517,Organic Produce,Delhi Old City
2025-10-13,1477,Local Tailoring,Mumbai Suburban
2024-12-19,13402,Organic Produce,Chennai Central
2024-04-22,14696,Handmade Crafts,Chennai Central
2025-10-26,9752,Local Tailoring,Delhi Old City
2025-06-21,8697,Street Food,Mumbai Suburban
2025-07-25,7008,Handmade Crafts,Chennai Central
2024-02-19,6937,Local Tailoring,Chennai Central
2025-02-16,7135,Kirana Store,Bangalore South
2025-04-29,4626,Street Food,Bangalore South
2024-05-27,14572,Street Food,Pune Rural
2025-11-27,7832,Kirana Store,Chennai Central
2024-04-05,4030,Local Tailoring,Chennai Central
2025-02-16,10951,Handmade Crafts,Mumbai Suburban
2025-03-17,803,Organic Produce,Bangalore South
2024-10-07,5003,Kirana Store,Mumbai Suburban
2025-10-11,5605,Organic Produce,Delhi Old City
2025-03-28,12051,Street Food,Delhi Old City
2025-10-23,5070,Handmade Crafts,Pune Rural
2025-05-25,2111,Kirana Store,Pune Rural
2026-01-02,6384,Kirana Store,Delhi Old City
2025-09-30,11253,Local Tailoring,Bangalore South
2025-12-30,8438,Local Tailoring,Pune Rural
2025-09-14,11077,Handmade Crafts,Chennai Central
2024-08-27,14299,Organic Produce,Delhi Old City
2024-11-07,2627,Street Food,Bangalore South
2025-03-25,3157,Handmade Crafts,Delhi Old City
2024-12-12,1902,Kirana Store,Chennai Central
2025-01-16,10179,Street Food,Mumbai Suburban
2024-10-16,13065,Organic Produce,Mumbai Suburban
2024-12-22,14245,Kirana Store,Mumbai Suburban
2025-12-21,8885,Kirana Store,Mumbai Suburban
2024-07-29,1494,Handmade Crafts,Bangalore South
2024-04-04,7834,Local Tailoring,Bangalore South
2025-09-02,14520,Local Tailoring,Mumbai Suburban
2024-06-15,7304,Handmade Crafts,Bangalore South
2024-09-20,3448,Kirana Store,Bangalore South
2024-03-26,3579,Handmade Crafts,Mumbai Suburban
2024-04-11,6207,Organic Produce,Chennai Central
2024-08-21,3667,Local Tailoring,Mumbai Suburban
2025-04-18,5208,Street Food,Mumbai Suburban
2024-11-29,3463,Local Tailoring,Delhi Old City
2024-05-23,14305,Local Tailoring,Chennai Central
2024-02-25,12158,Street Food,Mumbai Suburban
2024-03-02,14383,Handmade Crafts,Delhi Old City
2025-02-05,9223,Street Food,Pune Rural
2024-10-24,13954,Local Tailoring,Pune Rural
2024-12-11,6243,Kirana Store,Bangalore South
2025-05-31,8045,Local Tailoring,Chennai Central
2025-12-19,1530,Kirana Store,Delhi Old City
2025-12-12,14015,Handmade Crafts,Chennai Central
2024-01-24,10311,Organic Produce,Pune Rural
2025-07-09,6297,Organic Produce,Delhi Old City
2025-10-15,9100,Local Tailoring,Bangalore South
2024-03-17,14943,Organic Produce,Delhi Old City
2025-07-08,859,Organic Produce,Delhi Old City
2024-08-11,5162,Handmade Crafts,Bangalore South
2025-04-25,14147,Street Food,Bangalore South
2025-09-03,9652,Street Food,Pune Rural
2025-08-17,2539,Handmade Crafts,Bangalore South
2024-01-21,5450,Handmade Crafts,Delhi Old City
2024-08-14,13258,Handmade Crafts,Delhi Old City
2025-09-24,12116,Street Food,Delhi Old City
2024-02-12,13034,Kirana Store,Chennai Central
2024-12-14,12971,Street Food,Delhi Old City
2024-06-07,13520,Street Food,Delhi Old City
2025-01-22,4548,Kirana Store,Delhi Old City
2025-11-12,5622,Handmade Crafts,Pune Rural
2024-03-18,6510,Street Food,Mumbai Suburban
2025-03-05,14621,Local Tailoring,Bangalore South
2024-08-10,13647,Kirana Store,Mumbai Suburban
2025-03-01,13074,Local Tailoring,Delhi Old City
2024-01-18,8899,Handmade Crafts,Delhi Old City
2024-11-07,9571,Kirana Store,Delhi Old City
2024-11-22,1774,Local Tailoring,Chennai Central
2025-11-30,7314,Handmade Crafts,Delhi Old City
2024-10-28,6922,Handmade Crafts,Pune Rural
2024-12-21,14991,Street Food,Bangalore South
2025-02-15,3945,Organic Produce,Bangalore South
2025-03-23,13224,Organic Produce,Bangalore South
2025-06-16,2173,Handmade Crafts,Bangalore South
2024-04-23,4085,Organic Produce,Chennai Central
2024-08-29,1151,Street Food,Mumbai Suburban
2025-07-26,6256,Local Tailoring,Delhi Old City
2024-07-19,14225,Street Food,Mumbai Suburban
2025-08-10,6406,Local Tailoring,Mumbai Suburban
2024-06-03,6841,Handmade Crafts,Pune Rural
2025-03-24,2568,Kirana Store,Delhi Old City
2025-01-23,13678,Handmade Crafts,Mumbai Suburban
2025-02-04,9306,Street Food,Chennai Central
2024-05-27,4794,Local Tailoring,Mumbai Suburban
2024-08-29,12952,Kirana Store,Delhi Old City
2025-07-18,5515,Local Tailoring,Delhi Old City
2025-04-03,2364,Kirana Store,Pune Rural
2025-09-18,5520,Street Food,Delhi Old City
2025-04-08,11398,Kirana Store,Pune Rural
2025-10-02,8165,Street Food,Bangalore South
2025-12-30,11389,Organic Produce,Pune Rural
2024-04-26,2246,Local Tailoring,Bangalore South
2025-07-07,8385,Organic Produce,Bangalore South
2024-07-22,10839,Handmade Crafts,Pune Rural
2025-03-11,4661,Local Tailoring,Pune Rural
2024-10-09,14281,Handmade Crafts,Bangalore South
2024-01-26,8744,Kirana Store,Pune Rural
2025-06-14,5721,Street Food,Delhi Old City
2025-07-19,7226,Local Tailoring,Bangalore South
2024-04-14,7600,Kirana Store,Pune Rural
2025-09-17,9688,Kirana Store,Mumbai Suburban
2025-07-26,13167,Kirana Store,Bangalore South
2024-10-03,12766,Local Tailoring,Bangalore South
2024-01-10,4004,Handmade Crafts,Mumbai Suburban
2024-03-17,11315,Local Tailoring,Chennai Central
2025-04-29,2499,Street Food,Delhi Old City
2024-04-21,14842,Handmade Crafts,Bangalore South
2025-05-31,8707,Handmade Crafts,Pune Rural
2024-07-28,12406,Organic Produce,Bangalore South
2025-10-08,4700,Handmade Crafts,Chennai Central
2024-01-20,12800,Street Food,Mumbai Suburban
2025-01-11,3599,Handmade Crafts,Chennai Central
2024-03-23,12450,Street Food,Chennai Central
2025-06-26,3102,Kirana Store,Chennai Central
2024-09-03,2072,Local Tailoring,Bangalore South
2025-11-15,4734,Handmade Crafts,Pune Rural
2024-11-27,4920,Kirana Store,Delhi Old City
2025-04-21,3111,Local Tailoring,Chennai Central
2024-10-09,3880,Kirana Store,Bangalore South
2024-04-07,8674,Street Food,Delhi Old City
2024-11-18,14058,Kirana Store,Bangalore South
2025-11-26,4126,Local Tailoring,Chennai Central
2025-02-07,920,Local Tailoring,Mumbai Suburban
2025-01-20,6272,Local Tailoring,Mumbai Suburban
2024-09-11,1492,Street Food,Mumbai Suburban
2025-09-18,4506,Street Food,Delhi Old City
2024-07-21,8578,Kirana Store,Bangalore South
2024-11-18,12416,Kirana Store,Pune Rural
2024-07-23,2843,Kirana Store,Mumbai Suburban
2025-05-22,9349,Kirana Store,Pune Rural
2025-05-15,13797,Kirana Store,Chennai Central
2025-03-19,11925,Street Food,Mumbai Suburban
2024-04-23,11871,Local Tailoring,Bangalore South
2025-06-24,1506,Kirana Store,Delhi Old City
2026-01-08,1217,Street Food,Mumbai Suburban
2025-01-15,10075,Street Food,Pune Rural
2024-03-31,6393,Organic Produce,Delhi Old City
2025-02-04,2759,Local Tailoring,Chennai Central
2026-01-04,13664,Organic Produce,Chennai Central
2025-02-06,524,Handmade Crafts,Delhi Old City
2024-09-25,2799,Local Tailoring,Mumbai Suburban
2024-07-05,698,Kirana Store,Chennai Central
2024-05-29,12707,Kirana Store,Bangalore South
2025-10-24,5014,Street Food,Bangalore South
2025-01-21,12002,Local Tailoring,Delhi Old City
2025-10-20,4994,Kirana Store,Delhi Old City
2024-07-04,4421,Street Food,Bangalore South
2025-05-03,12815,Kirana Store,Bangalore South
2024-11-10,13087,Organic Produce,Mumbai Suburban
2024-03-11,10793,Organic Produce,Delhi Old City
2025-04-17,7893,Handmade Crafts,Pune Rural
2024-08-20,7744,Street Food,Bangalore South
2024-07-04,5288,Organic Produce,Chennai Central
2024-05-16,14033,Kirana Store,Chennai Central
2025-02-20,7925,Handmade Crafts,Chennai Central
2024-02-14,4909,Organic Produce,Chennai Central
2025-09-10,6073,Kirana Store,Delhi Old City
2024-06-14,1212,Organic Produce,Bangalore South
2024-08-05,2765,Local Tailoring,Mumbai Suburban
2025-07-23,5621,Local Tailoring,Pune Rural
2025-10-20,5343,Local Tailoring,Bangalore South
2024-02-07,5795,Local Tailoring,Bangalore South
2025-10-12,13293,Organic Produce,Pune Rural
2024-07-29,12709,Local Tailoring,Chennai Central
2024-10-21,7368,Kirana Store,Bangalore South
2025-07-19,5576,Kirana Store,Pune Rural
2025-10-29,12077,Handmade Crafts,Pune Rural
2025-06-05,6173,Local Tailoring,Bangalore South
2025-01-03,5449,Street Food,Pune Rural
2025-12-26,12788,Handmade Crafts,Bangalore South
2024-01-27,9505,Handmade Crafts,Chennai Central
2024-11-29,3339,Street Food,Bangalore South
2024-03-28,1583,Local Tailoring,Pune Rural
2025-12-20,1826,Street Food,Pune Rural
2025-07-22,13002,Kirana Store,Pune Rural
2024-07-30,13726,Organic Produce,Mumbai Suburban
2025-07-27,798,Street Food,Mumbai Suburban
2025-02-05,4018,Local Tailoring,Delhi Old City
2024-04-11,1160,Handmade Crafts,Pune Rural
2025-06-20,11985,Street Food,Chennai Central
2024-07-07,14863,Organic Produce,Mumbai Suburban
2024-04-06,3471,Handmade Crafts,Delhi Old City
2024-06-08,4021,Kirana Store,Bangalore South
2025-12-25,8643,Organic Produce,Mumbai Suburban
2024-02-29,6511,Kirana Store,Delhi Old City
2025-06-03,12755,Handmade Crafts,Delhi Old City
2025-10-20,2954,Kirana Store,Delhi Old City
2025-03-15,3003,Kirana Store,Pune Rural
2025-11-24,14394,Street Food,Pune Rural
2024-09-28,14201,Organic Produce,Mumbai Suburban
2025-06-30,7158,Kirana Store,Bangalore South
2024-06-23,10657,Organic Produce,Pune Rural
2025-11-09,10441,Local Tailoring,Mumbai Suburban
2025-04-10,5625,Local Tailoring,Mumbai Suburban
2025-09-02,1003,Handmade Crafts,Chennai Central
2025-01-01,12916,Kirana Store,Delhi Old City
2024-07-16,11608,Local Tailoring,Mumbai Suburban
2024-07-28,4311,Handmade Crafts,Chennai Central
2025-03-11,5706,Kirana Store,Bangalore South
2024-11-25,13964,Street Food,Pune Rural
2025-11-22,12975,Handmade Crafts,Pune Rural
2024-10-11,6912,Local Tailoring,Chennai Central
2025-10-17,7043,Street Food,Mumbai Suburban
2025-04-09,3494,Organic Produce,Chennai Central
2024-07-26,789,Organic Produce,Delhi Old City
2024-09-10,9949,Street Food,Chennai Central
2025-01-24,3946,Kirana Store,Delhi Old City
2024-10-03,7526,Street Food,Pune Rural
2024-06-22,2051,Organic Produce,Chennai Central
2024-05-02,2153,Kirana Store,Delhi Old City
2025-06-02,10318,Local Tailoring,Mumbai Suburban
2025-10-27,12879,Street Food,Delhi Old City
2025-09-06,6037,Local Tailoring,Chennai Central
2024-04-28,1957,Kirana Store,Chennai Central
2025-06-03,9629,Kirana Store,Pune Rural
2024-12-24,578,Local Tailoring,Mumbai Suburban
2025-03-30,14149,Local Tailoring,Delhi Old City
2024-11-12,14118,Handmade Crafts,Delhi Old City
2025-04-23,13411,Street Food,Delhi Old City
2025-04-24,7441,Kirana Store,Delhi Old City
2024-07-11,3230,Kirana Store,Delhi Old City
2025-04-05,8050,Street Food,Mumbai Suburban
2026-01-06,14893,Street Food,Bangalore South
2024-02-26,7268,Kirana Store,Bangalore South
2024-06-23,11567,Organic Produce,Mumbai Suburban
2024-05-02,7763,Organic Produce,Pune Rural
2026-01-03,2009,Handmade Crafts,Mumbai Suburban
2025-04-18,3638,Handmade Crafts,Pune Rural
2024-09-03,1299,Street Food,Chennai Central
2024-06-16,13113,Handmade Crafts,Delhi Old City
2024-04-22,6997,Local Tailoring,Mumbai Suburban
2025-04-20,7600,Handmade Crafts,Delhi Old City
2024-09-22,10716,Organic Produce,Delhi Old City
2024-07-24,4100,Kirana Store,Mumbai Suburban
2024-06-10,10192,Handmade Crafts,Chennai Central
2024-01-24,4137,Kirana Store,Chennai Central
2024-07-24,795,Organic Produce,Pune Rural
2025-03-25,5324,Kirana Store,Mumbai Suburban
2025-03-11,748,Organic Produce,Pune Rural
2025-07-10,10162,Local Tailoring,Mumbai Suburban
2025-07-13,4512,Handmade Crafts,Pune Rural
2025-07-13,13744,Organic Produce,Chennai Central
2025-08-11,14152,Handmade Crafts,Pune Rural
2024-03-21,14134,Organic Produce,Delhi Old City
2025-11-07,9732,Handmade Crafts,Chennai Central
2025-09-16,3519,Handmade Crafts,Pune Rural
2024-07-18,8589,Organic Produce,Mumbai Suburban
2024-06-09,4872,Handmade Crafts,Chennai Central
2024-06-26,10815,Street Food,Mumbai Suburban
2025-05-05,14775,Organic Produce,Pune Rural
2025-06-24,12346,Handmade Crafts,Delhi Old City
2024-04-23,5926,Organic Produce,Pune Rural
2024-04-17,3890,Street Food,Delhi Old City
2025-07-20,2944,Local Tailoring,Mumbai Suburban
2025-01-07,988,Local Tailoring,Pune Rural
2024-03-15,10881,Kirana Store,Mumbai Suburban
2025-06-27,4906,Organic Produce,Delhi Old City
2024-09-27,1684,Local Tailoring,Pune Rural
2025-02-16,1810,Kirana Store,Chennai Central
2024-12-19,5409,Local Tailoring,Mumbai Suburban
2025-03-12,2658,Kirana Store,Mumbai Suburban
2025-07-02,7347,Organic Produce,Pune Rural
2025-12-07,13756,Organic Produce,Chennai Central
2025-03-31,12789,Kirana Store,Pune Rural
2024-01-13,7849,Kirana Store,Chennai Central
2024-10-24,12076,Organic Produce,Bangalore South
2024-09-25,10600,Organic Produce,Chennai Central
2024-01-23,6891,Local Tailoring,Bangalore South
2024-04-26,4861,Local Tailoring,Chennai Central
2024-08-04,7208,Handmade Crafts,Delhi Old City
2025-11-05,5566,Street Food,Bangalore South
2024-03-15,10993,Street Food,Delhi Old City
2025-02-05,5383,Organic Produce,Pune Rural
2025-07-09,3824,Kirana Store,Bangalore South
2025-10-29,10229,Kirana Store,Pune Rural
2026-01-07,11206,Local Tailoring,Bangalore South
2024-05-08,8490,Local Tailoring,Delhi Old City
2024-10-21,3390,Street Food,Bangalore South
2025-01-07,11293,Handmade Crafts,Mumbai Suburban
2024-09-15,9897,Handmade Crafts,Delhi Old City
2025-08-15,10713,Street Food,Delhi Old City
2024-04-14,10664,Kirana Store,Chennai Central
2024-10-10,5527,Local Tailoring,Pune Rural
2025-11-04,1616,Kirana Store,Chennai Central
2025-07-24,12853,Kirana Store,Chennai Central
2025-10-22,6358,Street Food,Bangalore South
2024-12-04,2247,Organic Produce,Mumbai Suburban
2024-08-20,11098,Kirana Store,Mumbai Suburban
2025-06-05,2752,Organic Produce,Bangalore South
2025-06-04,8619,Kirana Store,Bangalore South
2024-01-11,9228,Organic Produce,Bangalore South
2025-05-09,4326,Organic Produce,Chennai Central
2025-03-24,14751,Organic Produce,Pune Rural
2026-01-02,1328,Kirana Store,Bangalore South
2024-08-27,11246,Organic Produce,Delhi Old City
2024-08-09,10813,Kirana Store,Bangalore South
2024-02-27,703,Kirana Store,Delhi Old City
2025-04-05,4233,Organic Produce,Mumbai Suburban
2025-12-09,4339,Local Tailoring,Chennai Central
2025-09-27,6624,Kirana Store,Chennai Central
2025-12-03,13951,Street Food,Mumbai Suburban
2025-02-18,1268,Organic Produce,Chennai Central
2024-09-23,2144,Kirana Store,Pune Rural
2025-10-16,4207,Street Food,Bangalore South
2024-02-17,8323,Organic Produce,Pune Rural
2024-10-13,2357,Kirana Store,Pune Rural
2025-11-09,6068,Street Food,Pune Rural
2024-02-21,11682,Handmade Crafts,Delhi Old City
2024-04-02,7760,Handmade Crafts,Bangalore South
2025-09-27,2086,Kirana Store,Pune Rural
2025-01-18,1122,Street Food,Bangalore South
2025-04-06,10345,Kirana Store,Bangalore South
2025-09-20,10490,Handmade Crafts,Chennai Central
2025-06-05,5230,Handmade Crafts,Pune Rural
2025-12-04,10000,Kirana Store,Pune Rural
2024-12-31,12448,Handmade Crafts,Chennai Central
2025-06-03,5212,Street Food,Pune Rural
2025-01-16,9915,Kirana Store,Pune Rural
2025-01-11,4636,Organic Produce,Delhi Old City
2024-12-20,2185,Street Food,Pune Rural
2024-03-19,1306,Local Tailoring,Mumbai Suburban
2024-04-22,4890,Street Food,Delhi Old City
2025-09-06,11470,Organic Produce,Mumbai Suburban
2025-02-13,5086,Street Food,Mumbai Suburban
2025-05-16,3310,Handmade Crafts,Bangalore South
2024-07-30,6127,Organic Produce,Mumbai Suburban
2024-09-18,11121,Organic Produce,Bangalore South
2025-02-28,2504,Local Tailoring,Chennai Central
2025-07-31,2092,Local Tailoring,Delhi Old City
2025-12-19,5703,Street Food,Pune Rural
2024-12-11,1527,Handmade Crafts,Bangalore South
2024-09-01,13125,Street Food,Bangalore South
2025-09-06,12515,Handmade Crafts,Chennai Central
2025-09-23,14618,Organic Produce,Bangalore South
2026-01-02,12715,Local Tailoring,Bangalore South
2025-01-08,3432,Street Food,Delhi Old City
2025-06-22,13044,Organic Produce,Pune Rural
2025-10-04,6927,Kirana Store,Bangalore South
2025-05-23,2396,Organic Produce,Chennai Central
2025-02-21,4737,Local Tailoring,Pune Rural
2024-07-19,3047,Street Food,Pune Rural
2024-08-21,5211,Organic Produce,Chennai Central
2024-12-21,9995,Local Tailoring,Bangalore South
2024-10-10,9649,Organic Produce,Chennai Central
2024-03-31,8837,Local Tailoring,Chennai Central
2024-07-22,10035,Street Food,Bangalore South
2025-01-15,13002,Street Food,Delhi Old City
2024-12-11,7996,Organic Produce,Bangalore South
2025-06-29,7584,Handmade Crafts,Chennai Central
2024-10-16,2793,Handmade Crafts,Delhi Old City
2025-08-21,12266,Kirana Store,Pune Rural
2025-12-16,6516,Kirana Store,Delhi Old City
2025-07-09,12215,Street Food,Delhi Old City
2025-02-05,2262,Handmade Crafts,Pune Rural
2024-11-08,2747,Local Tailoring,Bangalore South
2024-11-14,7282,Local Tailoring,Chennai Central
2025-10-30,4775,Local Tailoring,Mumbai Suburban
2025-11-15,5567,Street Food,Delhi Old City
2025-08-19,12782,Kirana Store,Bangalore South
2025-11-08,5831,Local Tailoring,Bangalore South
2025-11-16,3938,Street Food,Chennai Central
2025-01-28,1888,Kirana Store,Bangalore South
2024-05-12,12148,Kirana Store,Delhi Old City
2025-08-28,724,Local Tailoring,Bangalore South
2025-09-15,14613,Local Tailoring,Bangalore South
2025-09-03,7154,Handmade Crafts,Bangalore South
2025-05-28,14137,Organic Produce,Delhi Old City
2024-08-26,6220,Handmade Crafts,Chennai Central
2025-04-04,7343,Kirana Store,Mumbai Suburban
2024-07-19,13137,Local Tailoring,Pune Rural
2025-11-27,3070,Street Food,Delhi Old City
2024-07-13,1512,Organic Produce,Chennai Central
2024-03-30,9483,Local Tailoring,Mumbai Suburban
2024-03-20,10403,Handmade Crafts,Bangalore South
2024-06-17,4815,Street Food,Pune Rural
2025-12-30,9709,Organic Produce,Delhi Old City
2024-08-18,6527,Kirana Store,Chennai Central
2025-12-08,9777,Kirana Store,Chennai Central
2024-01-27,5920,Handmade Crafts,Mumbai Suburban
2025-08-23,13164,Local Tailoring,Mumbai Suburban
2025-03-09,14199,Handmade Crafts,Bangalore South
2024-11-28,5165,Handmade Crafts,Mumbai Suburban
2024-07-01,5693,Local Tailoring,Mumbai Suburban
2024-07-30,14090,Street Food,Chennai Central
2025-10-03,7692,Handmade Crafts,Mumbai Suburban
2025-09-03,13049,Handmade Crafts,Pune Rural
2024-12-01,9700,Street Food,Chennai Central
2024-05-30,7172,Local Tailoring,Delhi Old City
2024-06-18,3884,Kirana Store,Bangalore South
2024-07-26,7179,Street Food,Chennai Central
2025-12-03,5025,Kirana Store,Delhi Old City
2024-10-16,7712,Street Food,Bangalore South
2024-04-20,7535,Local Tailoring,Pune Rural
2025-06-25,10102,Handmade Crafts,Chennai Central
2024-08-29,2478,Street Food,Pune Rural
2025-11-14,6425,Handmade Crafts,Chennai Central
2025-04-06,8186,Handmade Crafts,Chennai Central
2025-03-04,14359,Organic Produce,Pune Rural
2025-06-08,5044,Street Food,Delhi Old City
2025-02-28,9547,Organic Produce,Mumbai Suburban
2025-09-14,2531,Kirana Store,Delhi Old City
2025-12-16,861,Street Food,Bangalore South
2025-01-01,6793,Street Food,Mumbai Suburban
2024-02-21,3006,Handmade Crafts,Mumbai Suburban
2025-12-30,12416,Local Tailoring,Pune Rural
2025-01-09,13991,Local Tailoring,Delhi Old City
2025-05-11,8371,Local Tailoring,Bangalore South
2024-01-17,9719,Street Food,Mumbai Suburban
2025-12-30,11815,Handmade Crafts,Mumbai Suburban
2025-01-15,13929,Street Food,Delhi Old City
2024-06-12,6988,Local Tailoring,Delhi Old City
2024-01-14,14554,Handmade Crafts,Pune Rural
2024-07-08,12306,Local Tailoring,Pune Rural
2025-07-14,12281,Street Food,Mumbai Suburban
2024-10-28,10174,Local Tailoring,Mumbai Suburban
2024-06-17,3008,Handmade Crafts,Bangalore South
2025-08-20,5808,Street Food,Bangalore South
2024-05-19,8401,Street Food,Mumbai Suburban
2025-12-27,5093,Street Food,Chennai Central
2025-08-21,11790,Organic Produce,Delhi Old City
2025-05-17,11453,Organic Produce,Delhi Old City
2025-04-06,10837,Kirana Store,Chennai Central
2025-02-26,3110,Kirana Store,Bangalore South
2024-08-03,14089,Organic Produce,Bangalore South
2024-01-22,9003,Organic Produce,Mumbai Suburban
2025-01-24,3640,Organic Produce,Pune Rural
2025-09-25,14757,Handmade Crafts,Chennai Central
2025-07-21,6008,Street Food,Bangalore South
2025-06-28,14620,Kirana Store,Bangalore South
2025-10-27,11445,Organic Produce,Chennai Central
2025-07-15,7677,Handmade Crafts,Chennai Central
2024-03-01,11457,Street Food,Delhi Old City
2024-06-14,1473,Local Tailoring,Bangalore South
2025-06-30,9825,Organic Produce,Chennai Central
2025-08-21,11887,Local Tailoring,Bangalore South
2024-08-27,2766,Organic Produce,Bangalore South
2024-04-23,10872,Kirana Store,Chennai Central
2025-01-08,14800,Kirana Store,Chennai Central
2025-12-26,7077,Local Tailoring,Chennai Central
2024-11-03,7647,Street Food,Delhi Old City
2025-03-30,7452,Kirana Store,Pune Rural
2025-11-01,14141,Kirana Store,Mumbai Suburban
2024-08-03,4193,Organic Produce,Chennai Central
2024-06-12,7001,Kirana Store,Mumbai Suburban
2024-07-12,10600,Handmade Crafts,Mumbai Suburban
2024-09-12,2924,Local Tailoring,Chennai Central
2024-08-13,11662,Kirana Store,Chennai Central
2024-02-26,4981,Kirana Store,Delhi Old City
2024-03-20,2538,Handmade Crafts,Bangalore South
2025-03-24,14653,Organic Produce,Delhi Old City
2025-08-15,9169,Kirana Store,Pune Rural
2025-11-02,5182,Handmade Crafts,Delhi Old City
2025-12-16,5863,Organic Produce,Bangalore South
2025-05-16,13271,Handmade Crafts,Bangalore South
2025-11-02,5743,Handmade Crafts,Chennai Central
2025-02-16,6781,Local Tailoring,Chennai Central
2024-02-28,3281,Organic Produce,Pune Rural
2024-02-15,13474,Handmade Crafts,Mumbai Suburban
2024-09-01,9391,Street Food,Bangalore South
2024-05-14,8004,Street Food,Chennai Central
2025-12-05,8257,Street Food,Pune Rural
2025-10-14,14825,Street Food,Delhi Old City
2025-06-14,9511,Organic Produce,Mumbai Suburban
2025-03-01,3044,Kirana Store,Pune Rural
2025-03-10,5572,Kirana Store,Bangalore South
2024-08-13,7313,Handmade Crafts,Mumbai Suburban
2024-08-25,4702,Local Tailoring,Bangalore South
2025-01-25,2747,Street Food,Pune Rural
2025-10-16,13707,Kirana Store,Delhi Old City
2024-03-15,1411,Handmade Crafts,Mumbai Suburban
2025-02-15,6200,Local Tailoring,Delhi Old City
2024-06-12,11712,Organic Produce,Chennai Central
2024-08-16,10497,Street Food,Chennai Central
2025-02-10,8047,Organic Produce,Delhi Old City
2024-10-20,3567,Handmade Crafts,Mumbai Suburban
2025-02-28,9429,Street Food,Bangalore South
2025-07-26,12690,Handmade Crafts,Chennai Central
2025-01-07,2789,Street Food,Pune Rural
2024-08-08,4254,Local Tailoring,Bangalore South
2025-11-19,10041,Street Food,Chennai Central
2025-10-11,2006,Kirana Store,Chennai Central
2025-10-15,7890,Local Tailoring,Pune Rural
2024-10-15,11186,Handmade Crafts,Mumbai Suburban
2024-04-15,7384,Handmade Crafts,Delhi Old City
2025-12-16,3181,Local Tailoring,Pune Rural
2025-02-09,14194,Street Food,Delhi Old City
2024-10-22,12178,Local Tailoring,Chennai Central
2025-04-23,6948,Kirana Store,Bangalore South
2025-11-17,1046,Handmade Crafts,Delhi Old City
2025-09-04,7305,Organic Produce,Bangalore South
2025-05-26,10968,Handmade Crafts,Bangalore South
2024-03-14,5531,Organic Produce,Bangalore South
2025-07-21,14849,Local Tailoring,Chennai Central
2024-07-28,4623,Handmade Crafts,Delhi Old City
2024-01-11,6065,Handmade Crafts,Chennai Central
2025-12-20,11471,Street Food,Mumbai Suburban
2024-09-06,2778,Handmade Crafts,Bangalore South
2025-11-04,2475,Local Tailoring,Mumbai Suburban
2025-06-29,12877,Organic Produce,Pune Rural
2024-08-07,8776,Organic Produce,Delhi Old City
2024-09-09,13643,Handmade Crafts,Delhi Old City
2025-10-03,14551,Organic Produce,Delhi Old City
2025-06-10,8294,Local Tailoring,Delhi Old City
2024-11-06,11704,Kirana Store,Bangalore South
2025-10-18,5389,Street Food,Pune Rural
2025-05-26,2287,Street Food,Chennai Central
2025-02-21,14397,Handmade Crafts,Chennai Central
2025-06-19,11012,Kirana Store,Mumbai Suburban
2024-01-22,8932,Local Tailoring,Pune Rural
2026-01-09,5087,Kirana Store,Delhi Old City
2024-03-12,12075,Street Food,Mumbai Suburban
2024-09-20,9587,Kirana Store,Chennai Central
2024-09-30,7356,Street Food,Chennai Central
2025-07-18,8566,Street Food,Delhi Old City
2025-10-05,10290,Local Tailoring,Mumbai Suburban
2024-10-04,8753,Kirana Store,Bangalore South
2024-07-04,5218,Local Tailoring,Delhi Old City
2025-01-18,9690,Handmade Crafts,Mumbai Suburban
2024-07-27,4138,Street Food,Bangalore South
2024-09-21,726,Organic Produce,Mumbai Suburban
2024-04-02,10966,Street Food,Pune Rural
2025-12-23,602,Street Food,Pune Rural
2024-05-19,13227,Kirana Store,Mumbai Suburban
2024-11-11,14831,Handmade Crafts,Pune Rural
2025-04-30,11770,Street Food,Bangalore South
2024-10-16,1507,Kirana Store,Delhi Old City
2024-07-06,5719,Kirana Store,Delhi Old City
2024-03-11,5114,Handmade Crafts,Pune Rural
2024-01-27,6332,Kirana Store,Chennai Central
2024-07-25,6894,Street Food,Delhi Old City
2024-05-19,9631,Handmade Crafts,Mumbai Suburban
2025-02-06,798,Organic Produce,Chennai Central
2024-09-12,7918,Organic Produce,Mumbai Suburban
2025-07-27,7979,Kirana Store,Pune Rural
2025-06-29,14080,Street Food,Chennai Central
2024-03-02,6204,Handmade Crafts,Pune Rural
2025-07-22,8293,Street Food,Mumbai Suburban
2024-02-12,13399,Handmade Crafts,Mumbai Suburban
2024-11-22,14989,Handmade Crafts,Pune Rural
2024-02-08,5007,Organic Produce,Pune Rural
2026-01-05,11261,Kirana Store,Pune Rural
2025-01-23,9408,Local Tailoring,Mumbai Suburban
2025-02-18,6237,Local Tailoring,Bangalore South
2025-08-30,10865,Organic Produce,Delhi Old City
2024-12-17,13587,Local Tailoring,Mumbai Suburban
2025-01-10,13244,Local Tailoring,Pune Rural
2024-02-28,12889,Handmade Crafts,Mumbai Suburban
2024-07-20,14319,Local Tailoring,Mumbai Suburban
2024-11-21,9136,Street Food,Delhi Old City
2025-08-23,514,Local Tailoring,Bangalore South
2024-03-09,1403,Kirana Store,Bangalore South
2024-04-20,8991,Street Food,Chennai Central
2024-04-03,6082,Handmade Crafts,Pune Rural
2024-03-09,2411,Street Food,Mumbai Suburban
2024-02-16,11563,Local Tailoring,Chennai Central
2025-12-14,1991,Organic Produce,Bangalore South
2024-07-20,6764,Organic Produce,Delhi Old City
2025-09-03,6352,Organic Produce,Mumbai Suburban
2025-05-04,4059,Organic Produce,Pune Rural
2024-08-10,5770,Organic Produce,Pune Rural
2024-08-22,2682,Handmade Crafts,Pune Rural
2025-02-12,3478,Kirana Store,Pune Rural
2025-01-10,7945,Organic Produce,Delhi Old City
2024-07-08,7745,Kirana Store,Mumbai Suburban
2024-12-07,6839,Organic Produce,Delhi Old City
2024-02-29,12020,Kirana Store,Mumbai Suburban
2024-06-08,586,Organic Produce,Mumbai Suburban
2024-03-11,7399,Handmade Crafts,Delhi Old City
2025-04-25,849,Street Food,Mumbai Suburban
2025-06-01,11103,Organic Produce,Pune Rural
2025-06-29,10119,Local Tailoring,Bangalore South
2024-03-30,10680,Handmade Crafts,Chennai Central
2024-10-09,3151,Organic Produce,Pune Rural
2025-10-04,10992,Handmade Crafts,Delhi Old City
2025-09-01,5960,Local Tailoring,Pune Rural
2024-06-24,4393,Local Tailoring,Mumbai Suburban
2024-04-16,10664,Organic Produce,Chennai Central
2025-06-03,12142,Street Food,Mumbai Suburban
2024-08-28,4040,Local Tailoring,Mumbai Suburban
2024-08-15,1940,Local Tailoring,Mumbai Suburban
2024-05-24,10134,Handmade Crafts,Chennai Central
2024-03-07,4211,Kirana Store,Chennai Central
2025-07-19,2827,Organic Produce,Chennai Central
2025-02-26,7077,Kirana Store,Delhi Old City
2025-02-08,6544,Street Food,Delhi Old City
2025-06-16,834,Street Food,Mumbai Suburban
2025-07-26,1191,Organic Produce,Chennai Central
2025-03-12,2368,Local Tailoring,Pune Rural
2025-04-05,7627,Street Food,Bangalore South
2024-09-12,6104,Street Food,Delhi Old City
2025-06-30,13809,Street Food,Bangalore South
2024-12-04,772,Local Tailoring,Bangalore South
2024-12-13,5150,Kirana Store,Mumbai Suburban
2025-10-12,7742,Organic Produce,Delhi Old City
2024-07-01,9673,Organic Produce,Delhi Old City
2025-01-05,9237,Street Food,Pune Rural
2025-07-04,3861,Kirana Store,Pune Rural
2025-09-06,10099,Organic Produce,Delhi Old City
2025-06-12,9086,Organic Produce,Pune Rural
2025-08-09,1021,Handmade Crafts,Pune Rural
2025-08-24,13101,Street Food,Chennai Central
2025-03-29,3377,Street Food,Mumbai Suburban
2025-12-28,1985,Organic Produce,Mumbai Suburban
2024-10-10,6172,Street Food,Delhi Old City
2024-01-13,2890,Street Food,Pune Rural
2025-07-16,8210,Local Tailoring,Pune Rural
2024-02-22,2449,Handmade Crafts,Mumbai Suburban
2024-06-26,4437,Local Tailoring,Delhi Old City
2024-03-19,10125,Handmade Crafts,Mumbai Suburban
2024-10-31,13906,Street Food,Delhi Old City
2025-02-22,14692,Organic Produce,Delhi Old City
2024-07-30,6928,Local Tailoring,Delhi Old City
2025-07-08,10302,Local Tailoring,Delhi Old City
2025-08-30,12299,Organic Produce,Delhi Old City
2025-01-28,588,Kirana Store,Mumbai Suburban
2025-03-11,13133,Street Food,Pune Rural
2025-06-04,4860,Kirana Store,Mumbai Suburban
2025-01-08,3567,Handmade Crafts,Bangalore South
2026-01-04,863,Street Food,Mumbai Suburban
2025-03-19,5880,Street Food,Bangalore South
2024-05-07,9814,Local Tailoring,Delhi Old City
2025-05-18,3908,Kirana Store,Chennai Central
2024-04-01,12356,Handmade Crafts,Delhi Old City
2025-02-04,11776,Street Food,Chennai Central
2025-12-20,13364,Organic Produce,Pune Rural
2024-10-06,7977,Kirana Store,Bangalore South
2024-01-13,10287,Local Tailoring,Mumbai Suburban
2024-06-09,7739,Organic Produce,Pune Rural
2024-11-22,9014,Local Tailoring,Mumbai Suburban
2024-11-26,4919,Kirana Store,Pune Rural
2025-06-22,1544,Street Food,Delhi Old City
2024-01-19,3194,Handmade Crafts,Bangalore South
2024-06-15,13446,Handmade Crafts,Delhi Old City
2024-10-22,6507,Local Tailoring,Chennai Central
2024-04-24,7731,Local Tailoring,Bangalore South
2025-02-26,13754,Organic Produce,Pune Rural
2025-08-15,7314,Local Tailoring,Chennai Central
2025-02-15,7920,Kirana Store,Delhi Old City
2024-08-13,5784,Local Tailoring,Bangalore South
2025-04-02,534,Kirana Store,Mumbai Suburban
2025-04-03,3377,Street Food,Delhi Old City
2025-04-13,6521,Handmade Crafts,Chennai Central
2025-07-11,8079,Kirana Store,Chennai Central
2024-01-31,2460,Organic Produce,Mumbai Suburban
2024-08-09,11599,Handmade Crafts,Mumbai Suburban
2025-10-25,6388,Handmade Crafts,Delhi Old City
2025-07-26,10637,Organic Produce,Chennai Central
2025-07-18,1320,Kirana Store,Delhi Old City
2024-05-23,13259,Local Tailoring,Mumbai Suburban
2024-05-02,10414,Handmade Crafts,Mumbai Suburban
2025-08-24,7910,Local Tailoring,Bangalore South
2024-05-14,9544,Kirana Store,Chennai Central
2025-10-29,6235,Local Tailoring,Chennai Central
2024-06-09,10384,Kirana Store,Mumbai Suburban
2025-12-17,896,Handmade Crafts,Chennai Central
2025-06-21,10639,Kirana Store,Delhi Old City
2025-10-15,4413,Kirana Store,Delhi Old City
2025-11-29,7690,Handmade Crafts,Delhi Old City
2025-03-20,12947,Handmade Crafts,Pune Rural
2025-03-08,13706,Kirana Store,Chennai Central
2025-10-19,5313,Organic Produce,Mumbai Suburban
2024-12-13,6686,Street Food,Delhi Old City
2025-12-29,650,Local Tailoring,Pune Rural
2024-10-13,3100,Local Tailoring,Mumbai Suburban
2024-09-14,3979,Handmade Crafts,Pune Rural
2024-10-14,1741,Street Food,Pune Rural
2024-02-04,8805,Organic Produce,Bangalore South
2024-07-13,6974,Handmade Crafts,Pune Rural
2024-02-03,12586,Kirana Store,Delhi Old City
2024-06-08,1907,Organic Produce,Chennai Central
2024-08-06,613,Handmade Crafts,Delhi Old City
2024-12-11,9050,Kirana Store,Bangalore South
2025-04-23,13778,Kirana Store,Mumbai Suburban
2025-06-27,4391,Street Food,Bangalore South
2025-04-21,13921,Local Tailoring,Bangalore South
2025-05-16,13575,Local Tailoring,Pune Rural
2024-02-15,7601,Local Tailoring,Pune Rural
2024-01-16,2016,Organic Produce,Pune Rural
2024-03-30,7431,Local Tailoring,Mumbai Suburban
2024-11-04,9686,Local Tailoring,Chennai Central
2025-03-04,5250,Local Tailoring,Chennai Central
2025-02-11,13460,Handmade Crafts,Mumbai Suburban
2024-01-25,2995,Kirana Store,Bangalore South
2024-09-26,2034,Handmade Crafts,Chennai Central
2024-03-29,2348,Local Tailoring,Mumbai Suburban
2025-05-29,8336,Organic Produce,Chennai Central
2025-12-03,10335,Organic Produce,Mumbai Suburban
2025-02-19,7220,Organic Produce,Pune Rural
2025-03-12,14663,Local Tailoring,Bangalore South
2024-11-02,9324,Local Tailoring,Delhi Old City
2024-10-05,11613,Organic Produce,Chennai Central
2024-02-25,6661,Organic Produce,Chennai Central
2025-08-24,3265,Street Food,Bangalore South
2024-01-17,7679,Street Food,Pune Rural
2024-10-19,1858,Street Food,Delhi Old City
2024-10-30,14259,Kirana Store,Delhi Old City
2025-06-27,9307,Street Food,Chennai Central
2024-01-17,5084,Street Food,Mumbai Suburban
2025-01-19,4884,Street Food,Delhi Old City
2025-06-15,11846,Local Tailoring,Chennai Central
2025-07-09,4899,Local Tailoring,Chennai Central
2025-03-11,6298,Street Food,Delhi Old City
2025-01-14,10757,Organic Produce,Delhi Old City
2025-03-02,12152,Organic Produce,Chennai Central
2024-12-17,12374,Handmade Crafts,Delhi Old City
2024-09-06,14434,Local Tailoring,Delhi Old City
2024-01-11,4522,Organic Produce,Mumbai Suburban
2025-10-13,2952,Organic Produce,Pune Rural
2024-08-01,8067,Street Food,Mumbai Suburban
2025-10-17,11233,Street Food,Bangalore South
2025-12-25,4980,Street Food,Delhi Old City
2024-02-20,2705,Organic Produce,Bangalore South
2024-03-22,2727,Organic Produce,Delhi Old City
2024-12-01,3610,Street Food,Chennai Central
2025-12-06,12168,Organic Produce,Chennai Central
2025-02-14,12907,Kirana Store,Delhi Old City
2024-11-30,9540,Organic Produce,Mumbai Suburban
2024-04-14,1934,Local Tailoring,Chennai Central
2025-05-02,13137,Organic Produce,Delhi Old City
2024-07-02,1489,Kirana Store,Delhi Old City
2024-04-07,9903,Local Tailoring,Chennai Central
2025-01-19,12680,Organic Produce,Mumbai Suburban
2025-11-13,7239,Street Food,Mumbai Suburban
2025-07-04,12660,Organic Produce,Chennai Central
2025-07-26,3396,Local Tailoring,Mumbai Suburban
2024-11-15,6978,Street Food,Bangalore South
2025-01-06,7482,Street Food,Chennai Central
2024-09-28,14234,Local Tailoring,Chennai Central
2024-07-16,13957,Kirana Store,Bangalore South
2025-06-24,13325,Kirana Store,Mumbai Suburban
2024-12-14,11196,Handmade Crafts,Pune Rural
2025-12-23,10914,Kirana Store,Mumbai Suburban
2024-03-10,4478,Kirana Store,Mumbai Suburban
2025-06-20,4253,Organic Produce,Chennai Central
2025-08-06,5605,Organic Produce,Pune Rural
2025-11-13,2114,Kirana Store,Mumbai Suburban
2024-05-12,3274,Street Food,Bangalore South
2025-02-09,6215,Organic Produce,Pune Rural
2024-08-01,3883,Local Tailoring,Bangalore South
2025-02-09,4487,Street Food,Pune Rural
2025-09-12,13491,Street Food,Delhi Old City
2025-09-26,3827,Local Tailoring,Mumbai Suburban
2024-11-08,4910,Local Tailoring,Mumbai Suburban
2024-03-12,5100,Handmade Crafts,Pune Rural
2024-01-20,1166,Handmade Crafts,Chennai Central
2025-06-03,1566,Organic Produce,Delhi Old City
2025-05-31,14156,Handmade Crafts,Mumbai Suburban
2025-06-12,12027,Street Food,Bangalore South
2025-03-28,847,Organic Produce,Mumbai Suburban
2024-07-20,12452,Handmade Crafts,Pune Rural
2024-06-23,7599,Street Food,Delhi Old City
2024-03-18,10550,Street Food,Chennai Central
2024-02-02,5566,Local Tailoring,Pune Rural
2025-01-21,10046,Kirana Store,Mumbai Suburban
2025-09-08,1645,Handmade Crafts,Mumbai Suburban
2025-03-09,7610,Handmade Crafts,Mumbai Suburban
2025-02-28,2905,Handmade Crafts,Bangalore South
2025-07-20,4710,Organic Produce,Chennai Central
2024-06-16,7469,Street Food,Chennai Central
2024-07-20,14668,Street Food,Delhi Old City
2025-10-15,13141,Local Tailoring,Delhi Old City
2025-12-22,9115,Organic Produce,Bangalore South
2025-02-25,2187,Street Food,Pune Rural
2025-05-28,8546,Organic Produce,Chennai Central
2025-07-22,534,Street Food,Bangalore South
2024-04-10,13896,Kirana Store,Chennai Central
2024-12-30,11498,Local Tailoring,Mumbai Suburban
2024-07-27,1968,Street Food,Bangalore South
2025-10-03,4845,Local Tailoring,Pune Rural
2025-12-12,5739,Local Tailoring,Bangalore South
2024-04-04,13318,Handmade Crafts,Delhi Old City
2025-09-25,5096,Local Tailoring,Bangalore South
2026-01-09,4248,Street Food,Delhi Old City
2024-04-04,1651,Organic Produce,Mumbai Suburban
2025-07-22,12679,Street Food,Pune Rural
2024-05-17,13478,Local Tailoring,Pune Rural
2024-04-26,4816,Organic Produce,Delhi Old City
2025-07-18,12914,Street Food,Mumbai Suburban
2025-07-04,7132,Handmade Crafts,Delhi Old City
2025-06-19,13585,Street Food,Mumbai Suburban
2025-04-02,14761,Handmade Crafts,Pune Rural
2024-09-08,14234,Local Tailoring,Chennai Central
2025-07-31,11925,Organic Produce,Delhi Old City
2025-05-19,501,Local Tailoring,Mumbai Suburban
2025-11-13,6881,Local Tailoring,Pune Rural
2025-07-05,3839,Local Tailoring,Chennai Central
2025-08-27,4910,Kirana Store,Pune Rural
2024-06-24,8613,Local Tailoring,Mumbai Suburban
2024-05-22,9268,Handmade Crafts,Mumbai Suburban
2024-02-18,12056,Local Tailoring,Bangalore South
2025-11-20,14244,Handmade Crafts,Chennai Central
2025-01-24,2976,Local Tailoring,Delhi Old City
2024-05-22,8457,Kirana Store,Pune Rural
2024-07-25,11005,Kirana Store,Delhi Old City
2025-11-07,8785,Kirana Store,Mumbai Suburban
2024-01-28,7172,Handmade Crafts,Delhi Old City
2025-06-28,7433,Local Tailoring,Mumbai Suburban
2025-01-05,1793,Handmade Crafts,Chennai Central
2025-10-08,5297,Kirana Store,Delhi Old City
2025-06-22,10779,Street Food,Delhi Old City
2024-05-25,13151,Handmade Crafts,Chennai Central
2024-01-13,12273,Street Food,Chennai Central
2024-11-06,14976,Local Tailoring,Mumbai Suburban
2024-08-21,1634,Street Food,Pune Rural
2024-05-06,3502,Local Tailoring,Delhi Old City
2025-11-19,13461,Street Food,Pune Rural
2024-10-06,14878,Organic Produce,Chennai Central
2025-03-05,5134,Local Tailoring,Pune Rural
2024-06-28,9182,Organic Produce,Delhi Old City
2025-10-26,10833,Handmade Crafts,Chennai Central
2024-06-13,9834,Kirana Store,Chennai Central
2024-12-19,5282,Street Food,Pune Rural
2025-11-29,11020,Street Food,Chennai Central
2025-07-20,10528,Street Food,Chennai Central
2025-07-09,4309,Organic Produce,Pune Rural
2024-02-29,2092,Local Tailoring,Delhi Old City
2025-11-01,11229,Handmade Crafts,Delhi Old City
2024-09-25,3574,Street Food,Chennai Central
2025-10-14,1348,Organic Produce,Pune Rural
2024-02-14,3020,Handmade Crafts,Pune Rural
2025-11-19,14759,Local Tailoring,Mumbai Suburban
2024-03-10,7118,Local Tailoring,Bangalore South
2024-11-22,8911,Kirana Store,Mumbai Suburban
2024-04-26,14212,Handmade Crafts,Chennai Central
2024-08-17,10213,Kirana Store,Bangalore South
2025-11-07,8122,Handmade Crafts,Mumbai Suburban
2025-08-14,6820,Organic Produce,Pune Rural
2025-07-30,6291,Street Food,Pune Rural
2024-05-11,8264,Organic Produce,Chennai Central
2025-07-21,11668,Street Food,Delhi Old City
2025-10-28,4173,Local Tailoring,Mumbai Suburban
2024-05-31,13306,Street Food,Chennai Central
2024-09-03,7679,Kirana Store,Chennai Central
2024-12-29,13278,Kirana Store,Delhi Old City
2025-09-22,10019,Local Tailoring,Bangalore South
2024-03-10,3895,Street Food,Pune Rural
2024-12-29,3744,Kirana Store,Chennai Central
2025-09-21,13607,Local Tailoring,Bangalore South
2025-09-02,10087,Handmade Crafts,Bangalore South
2024-11-27,9212,Kirana Store,Chennai Central
2025-06-01,5968,Organic Produce,Pune Rural
2024-08-15,2717,Organic Produce,Pune Rural
2025-06-08,11008,Street Food,Pune Rural
2025-01-21,5787,Local Tailoring,Pune Rural
2024-10-27,612,Local Tailoring,Mumbai Suburban
2024-03-22,3526,Kirana Store,Pune Rural
2025-02-18,8215,Local Tailoring,Chennai Central
2025-09-16,4195,Kirana Store,Delhi Old City
2024-04-01,8111,Kirana Store,Mumbai Suburban
2024-05-17,8003,Street Food,Pune Rural
2024-12-30,6839,Handmade Crafts,Mumbai Suburban
2025-08-22,11917,Kirana Store,Bangalore South
2025-06-16,2159,Handmade Crafts,Mumbai Suburban
2025-07-08,2879,Kirana Store,Mumbai Suburban
